<launch4jConfig>
  <dontWrapJar>false</dontWrapJar>
  <headerType>gui</headerType>
  <jar>C:\Nfs\projects\java\RIFAS\RifasGUI\dist\RifasGUI.jar</jar>
  <outfile>C:\Nfs\projects\java\RIFAS\RifasGUI\dist\RifasGUI.exe</outfile>
  <errTitle>Please download latest version of java SE</errTitle>
  <cmdLine></cmdLine>
  <chdir></chdir>
  <priority>normal</priority>
  <downloadUrl>http://java.com/download</downloadUrl>
  <supportUrl></supportUrl>
  <customProcName>false</customProcName>
  <stayAlive>false</stayAlive>
  <manifest></manifest>
  <icon>C:\Documents and Settings\root\Plocha\rifasIcon.ico</icon>
  <jre>
    <path></path>
    <minVersion>1.6.0</minVersion>
    <maxVersion></maxVersion>
    <jdkPreference>preferJre</jdkPreference>
  </jre>
</launch4jConfig>